[
  {
    "id": 1,
    "title": "AQUA GALON 19L",
    "price": 25000,
    "stock": 50,
    "image_url": "/images/aqua-19l.jpg",
    "description": "Air mineral AQUA galon 19 liter - isi ulang dan segar."
  },
  {
    "id": 2,
    "title": "VIT GALON 19L",
    "price": 24000,
    "stock": 40,
    "image_url": "/images/vit-19l.jpg",
    "description": "Air mineral VIT galon 19 liter - berkualitas."
  },
  {
    "id": 3,
    "title": "LE MINERAL GALON 15L",
    "price": 20000,
    "stock": 30,
    "image_url": "/images/le-15l.jpg",
    "description": "Air LE Mineral galon 15 liter."
  },
  {
    "id": 4,
    "title": "AIR ISI ULANG RO 19L",
    "price": 18000,
    "stock": 100,
    "image_url": "/images/ro-19l.jpg",
    "description": "Air isi ulang proses RO 19 liter."
  },
  {
    "id": 5,
    "title": "Gas LPG 3Kg",
    "price": 18000,
    "stock": 200,
    "image_url": "/images/lpg-3kg.jpg",
    "description": "Tabung gas LPG 3kg untuk kebutuhan rumah tangga."
  }
]